,goalie,defs,mids,atks,offdeff,intensity,dirspeed,deads,press,contra,buildup,progress,carr,wings,agresive,deferror,offsucc
Arsenal,0.85,0.7,0.8,0.4,0.85,0.65,0.25,0.3,0.6,0.85,0.7,0.7,0.25,0.15,1.0,0.2,0.1
Aston Villa,0.4,0.6,0.35,0.8,0.45,0.35,0.55,0.75,0.55,0.6,0.55,0.65,0.7,0.6,0.65,0.35,0.15
Brentford,0.45,0.65,0.5,0.475,0.1,0.3,0.95,0.7,0.5,0.75,0.25,0.6,0.05,0.25,0.9,0.5,0.55
Brighton,0.8,0.75,0.55,0.2,0.6,0.85,0.75,0.25,0.8,0.25,0.6,0.45,0.2,0.2,0.4,0.15,0.7
Burnley,0.5,0.325,0.2,0.1,0.7,0.1,1.0,0.95,0.45,0.05,0.05,0.8,0.15,0.9,0.75,0.55,0.3
Chelsea,0.65,0.95,0.9,0.95,0.9,0.9,0.2,0.1,0.9,0.8,0.95,0.35,0.4,0.1,0.7,0.6,0.95
Crystal Palace,0.35,0.8,0.6,0.7,0.15,0.6,0.7,0.6,0.7,0.55,0.5,0.05,0.6,0.55,0.95,0.7,0.75
Everton,0.25,0.45,0.3,0.55,0.55,0.15,0.8,0.85,0.15,0.15,0.2,1.0,0.5,0.95,0.55,0.95,0.25
Leeds United,0.1,0.1,0.4,0.35,0.2,0.5,0.45,0.55,0.85,0.65,0.4,0.9,0.35,0.4,0.85,1.0,0.4
Leicester City,0.7,0.25,0.65,1.0,0.35,0.7,0.6,0.45,0.65,0.9,0.8,0.1,0.45,0.05,0.2,0.9,0.65
Liverpool,0.95,0.9,0.975,0.75,0.95,0.95,0.35,0.15,1.0,0.95,0.75,0.85,0.1,0.35,0.15,0.4,1.0
Manchester City,0.9,1.0,0.975,0.9,1.0,1.0,0.05,0.05,0.95,0.45,1.0,0.5,0.55,0.3,0.6,0.05,0.9
Manchester Utd,0.75,0.55,0.75,0.475,0.75,0.75,0.15,0.35,0.35,0.7,0.85,0.4,0.65,0.5,0.35,0.1,0.85
Newcastle Utd,0.2,0.325,0.15,0.65,0.4,0.05,0.9,1.0,0.2,0.5,0.15,0.3,1.0,0.85,0.8,0.65,0.2
Norwich City,0.15,0.05,0.05,0.05,0.05,0.25,0.4,0.8,0.05,0.1,0.3,0.2,0.85,0.7,0.1,0.45,0.05
Southampton,0.3,0.2,0.45,0.25,0.8,0.4,0.65,0.65,0.75,0.4,0.65,0.95,0.9,0.65,0.3,0.8,0.6
Tottenham,0.6,0.85,0.85,0.6,0.5,0.8,0.1,0.2,0.4,1.0,0.9,0.25,0.8,0.45,0.5,0.3,0.45
Watford,0.05,0.15,0.25,0.15,0.25,0.2,0.85,0.9,0.1,0.3,0.1,0.75,0.75,1.0,0.45,0.85,0.35
West Ham,0.55,0.5,0.7,0.85,0.65,0.45,0.5,0.5,0.25,0.2,0.45,0.55,0.3,0.8,0.25,0.25,0.8
Wolves,1.0,0.4,0.1,0.3,0.3,0.55,0.3,0.4,0.3,0.35,0.35,0.15,0.95,0.75,0.05,0.75,0.5
